{
  "metrics": {
    "loss": 2.9347333908081055,
    "signal_loss": 1.2142952680587769,
    "regime_loss": 1.7204378843307495,
    "signal_accuracy": 0.30000001192092896,
    "regime_accuracy": 0.25333333015441895
  },
  "signal_report": {
    "Achat": {
      "precision": 0.2,
      "recall": 0.02,
      "f1-score": 0.03636363636363636,
      "support": 50.0
    },
    "Neutre": {
      "precision": 0.30357142857142855,
      "recall": 0.68,
      "f1-score": 0.41975308641975306,
      "support": 50.0
    },
    "Vente": {
      "precision": 0.30303030303030304,
      "recall": 0.2,
      "f1-score": 0.24096385542168675,
      "support": 50.0
    },
    "accuracy": 0.3,
    "macro avg": {
      "precision": 0.26886724386724387,
      "recall": 0.30000000000000004,
      "f1-score": 0.2323601927350254,
      "support": 150.0
    },
    "weighted avg": {
      "precision": 0.26886724386724387,
      "recall": 0.3,
      "f1-score": 0.23236019273502534,
      "support": 150.0
    }
  },
  "regime_report": {
    "Baissier": {
      "precision": 0.2,
      "recall": 0.07894736842105263,
      "f1-score": 0.11320754716981132,
      "support": 38.0
    },
    "Neutre": {
      "precision": 0.25555555555555554,
      "recall": 0.6052631578947368,
      "f1-score": 0.359375,
      "support": 38.0
    },
    "Haussier": {
      "precision": 0.2413793103448276,
      "recall": 0.1891891891891892,
      "f1-score": 0.21212121212121213,
      "support": 37.0
    },
    "Volatil": {
      "precision": 0.3125,
      "recall": 0.13513513513513514,
      "f1-score": 0.18867924528301888,
      "support": 37.0
    },
    "accuracy": 0.25333333333333335,
    "macro avg": {
      "precision": 0.2523587164750958,
      "recall": 0.25213371266002843,
      "f1-score": 0.21834575114351057,
      "support": 150.0
    },
    "weighted avg": {
      "precision": 0.2520309706257982,
      "recall": 0.25333333333333335,
      "f1-score": 0.2185850247760625,
      "support": 150.0
    }
  },
  "signal_cm": [
    [
      1,
      38,
      11
    ],
    [
      4,
      34,
      12
    ],
    [
      0,
      40,
      10
    ]
  ],
  "regime_cm": [
    [
      3,
      23,
      8,
      4
    ],
    [
      4,
      23,
      8,
      3
    ],
    [
      4,
      22,
      7,
      4
    ],
    [
      4,
      22,
      6,
      5
    ]
  ],
  "optimization_history": {
    "loss": [
      2.952390432357788,
      2.99861216545105,
      2.9591879844665527,
      2.9472386837005615,
      2.811068534851074
    ],
    "signal_loss": [
      1.2056808471679688,
      1.335234522819519,
      1.256819486618042,
      1.3364533185958862,
      1.2739180326461792
    ],
    "regime_loss": [
      1.7467097043991089,
      1.6633777618408203,
      1.7023682594299316,
      1.6107851266860962,
      1.5371507406234741
    ],
    "signal_accuracy": [
      0.3916666805744171,
      0.3499999940395355,
      0.38333332538604736,
      0.3499999940395355,
      0.32499998807907104
    ],
    "regime_accuracy": [
      0.21666666865348816,
      0.20000000298023224,
      0.22499999403953552,
      0.3083333373069763,
      0.2083333283662796
    ],
    "val_loss": [
      2.5370709896087646,
      2.5242717266082764,
      2.5223491191864014,
      2.5176141262054443,
      2.5122573375701904
    ],
    "val_signal_loss": [
      1.116252064704895,
      1.1135785579681396,
      1.1152842044830322,
      1.1156086921691895,
      1.116279125213623
    ],
    "val_regime_loss": [
      1.4208190441131592,
      1.4106930494308472,
      1.4070649147033691,
      1.4020053148269653,
      1.3959784507751465
    ],
    "val_signal_accuracy": [
      0.3333333432674408,
      0.3333333432674408,
      0.36666667461395264,
      0.36666667461395264,
      0.36666667461395264
    ],
    "val_regime_accuracy": [
      0.2666666805744171,
      0.20000000298023224,
      0.20000000298023224,
      0.20000000298023224,
      0.20000000298023224
    ]
  }
}