{
    "market_regime": {
        "accuracy": 0.9286603425333734,
        "confusion_matrix": [
            [
                14898,
                0,
                0
            ],
            [
                1342,
                11204,
                0
            ],
            [
                0,
                1982,
                17168
            ]
        ],
        "classification_report": {
            "0": {
                "precision": 0.9173645320197045,
                "recall": 1.0,
                "f1-score": 0.9569015351018049,
                "support": 14898.0
            },
            "1": {
                "precision": 0.8496890641589565,
                "recall": 0.8930336362187151,
                "f1-score": 0.8708223224001244,
                "support": 12546.0
            },
            "2": {
                "precision": 1.0,
                "recall": 0.8965013054830288,
                "f1-score": 0.9454265102703894,
                "support": 19150.0
            },
            "accuracy": 0.9286603425333734,
            "macro avg": {
                "precision": 0.9223511987262203,
                "recall": 0.929844980567248,
                "f1-score": 0.9243834559241062,
                "support": 46594.0
            },
            "weighted avg": {
                "precision": 0.9331050306255704,
                "recall": 0.9286603425333734,
                "f1-score": 0.9290074601548827,
                "support": 46594.0
            }
        }
    },
    "sl_tp": {
        "sl_rmse": 324.69819966009953,
        "sl_mae": 250.83919551885216,
        "tp_rmse": 340.48764557418195,
        "tp_mae": 263.33202624788066,
        "sl_percentiles": [
            156.18673233336168,
            193.27901439553955,
            208.66214303437556,
            455.5530852368056,
            560.6347149726648,
            1248.411929053252
        ],
        "tp_percentiles": [
            164.13601636542248,
            203.16675192324533,
            219.34366148212982,
            478.5636460893745,
            586.9483174602328,
            1307.4552744450032
        ]
    }
}