{
    "loss": [
        20.035451889038086,
        18.795042037963867,
        17.36531639099121,
        16.58121681213379,
        16.114667892456055,
        15.5565185546875,
        14.9142484664917,
        14.54223346710205,
        13.642370223999023,
        13.434697151184082
    ],
    "market_regime_loss": [
        1.3865289688110352,
        1.147817850112915,
        0.8246983289718628,
        0.5316998958587646,
        0.8387832641601562,
        0.9944210052490234,
        0.7176893949508667,
        0.8434678912162781,
        0.46952950954437256,
        0.7914080023765564
    ],
    "sl_tp_loss": [
        0.6659552454948425,
        0.63700932264328,
        0.3613456189632416,
        0.626297652721405,
        0.5328482985496521,
        0.434061199426651,
        0.6176348328590393,
        0.6000019907951355,
        0.5006729960441589,
        0.3607596457004547
    ],
    "market_regime_accuracy": [
        0.3333333432674408,
        0.523809552192688,
        0.6666666865348816,
        0.761904776096344,
        0.6666666865348816,
        0.761904776096344,
        0.6190476417541504,
        0.5714285969734192,
        0.6666666865348816,
        0.4761904776096344
    ],
    "sl_tp_rmse": [
        1.3158009052276611,
        1.2940081357955933,
        0.9296626448631287,
        1.3045532703399658,
        1.1174784898757935,
        0.9829166531562805,
        1.223420262336731,
        1.226370930671692,
        1.0665115118026733,
        0.892858624458313
    ],
    "sl_tp_mae": [
        1.0741689205169678,
        1.0137450695037842,
        0.7038277387619019,
        1.0187509059906006,
        0.9403349757194519,
        0.8224208354949951,
        1.0325827598571777,
        0.9931975603103638,
        0.9024356603622437,
        0.7343123555183411
    ],
    "val_loss": [
        18.317752838134766,
        17.48122787475586,
        16.179729461669922,
        15.34227466583252,
        14.689671516418457,
        14.181796073913574,
        13.890446662902832,
        13.548901557922363,
        13.119121551513672,
        12.617228507995605
    ],
    "val_market_regime_loss": [
        0.5894606113433838,
        0.5735796093940735,
        0.3461189270019531,
        0.19392411410808563,
        0.12969304621219635,
        0.0739084929227829,
        0.12245268374681473,
        0.18308110535144806,
        0.46142780780792236,
        0.33966341614723206
    ],
    "val_sl_tp_loss": [
        0.403172105550766,
        0.44245848059654236,
        0.15152758359909058,
        0.1726047545671463,
        0.2203507423400879,
        0.3440213203430176,
        0.5062777400016785,
        0.5477257370948792,
        0.24084262549877167,
        0.2279752939939499
    ],
    "val_market_regime_accuracy": [
        0.6666666865348816,
        0.6666666865348816,
        0.6666666865348816,
        1.0,
        1.0,
        1.0,
        1.0,
        1.0,
        1.0,
        1.0
    ],
    "val_sl_tp_rmse": [
        0.940127432346344,
        1.009941816329956,
        0.5505044460296631,
        0.5880181789398193,
        0.6655914187431335,
        0.8364058136940002,
        1.0545707941055298,
        1.1294361352920532,
        0.699587881565094,
        0.678010880947113
    ],
    "val_sl_tp_mae": [
        0.8521726727485657,
        0.8099067807197571,
        0.48771044611930847,
        0.4668809473514557,
        0.5104665160179138,
        0.7064939141273499,
        0.9239623546600342,
        0.9423503279685974,
        0.5886346101760864,
        0.6040964126586914
    ],
    "lr": [
        0.0010000000474974513,
        0.0010000000474974513,
        0.0010000000474974513,
        0.0010000000474974513,
        0.0010000000474974513,
        0.0010000000474974513,
        0.0010000000474974513,
        0.0010000000474974513,
        0.0010000000474974513,
        0.0010000000474974513
    ]
}